Protein,Peptide
Kif14,IQIAKEMAL
Kif14_OX,IQIAKEM*AL
Kirrel,ASISTATPV
Klhl32,WARCNFNLL
L17Rik,MMKYYYESV
L17Rik_OX1,M*MKYYYESV
L17Rik_OX2,MM*KYYYESV
Lats1,FVMDYIPV
Lats1_OX,FVM*DYIPV
Lmo7,QSYVPAPL
LOC631040,AALTFRRL
Lrig2,CGLVPLARL
Lrrcc1,EALVNLNKL
Lrrk2_2,SVFGQSNDL
Man2c1,SLRSFQAL
Med1,FSLSFQHPV
Med12_2,SSVLFEYM
Med12_2_OX,SSVLFEYM*
Mfsd2a,CAMGFFLQI
Mfsd2a_OX,CAM*GFFLQI
Mocos,QQHTFAQV
Mrps24,VGYCETLL
Mttp,TGYVERSPL
Mybl1,KNHWNSTML
Mybl1_OX,KNHWNSTM*L
N4bp2l2,ATINFRRL
Nbeal2,VLIQWLPAL
Nfe2l2,ASYSLVAHI
Nipbl,TSIMQLYL
Nipbl_OX,TSIM*QLYL
Nle1,MALSTYYAL
Nle1,M*ALSTYYAL
Nup205,VIYQLCAF
Paip1,ICAVKFLKL
Pam,FVIDFKPL
Pcsk4,KGYYFNKGTL
Pdgfrb,VRFSLPSHL
Phldb2,SSPSFAKI
Phrf1,SSPGFCNTFL
Pitx2,SSMVPSAL
Pitx2_OX,SSM*VPSAL
Pnpla2,VRYVYGGI
Pold1,SPFLLITL
Pold1_2,SAPPLLEGPL
Ppm1b,IQLVNGSLA
Prep,IFVRHMVGV
Prep_OX,IFVRHM*VGV
Prex1,VNSIHALL
Prmt6,ICYGSAPL
Ptprs,TAVVRQSTL
Qrich1,SYVSLWPDL
Rad9b,STPQLLPL
Rapsn,FVLESYLNL
Rasa2,MSRCNHNRL
Rbm17,SAWEVLIPL
Reps1,AQLANDVVL
Reps1,AQLANDVVL
Rgl3,ATLAQFNTV
Rhd_OX,FAM*LGTIFL
Rpl18,KILTFDRL
Rwdd2a,MNMGQFLEF
Rwdd2a_OX2,MNM*GQFLEF
Sart3,SVTVFVNNL
Scaper,KVLQKLCQL
Setx,HSLTNSSSDFM
Setx_OX,HSLTNSSSDFM*
Sgta,MQQLNPEFV
Sgta_OX,M*QQLNPEFV
Slc12a4,LSASRYALL
Slc16a5,SSIKVVGL
Slc25a12,TGSVFGEL
Slc35e4,VMMTSAEAV
Slc35e4_OX1,VM*MTSAEAV
Slc35e4_OX2,VMM*TSAEAV
Slc4a3,LGVLFSQL
Slc5a6,LFFPCSNPL
Smad2,SNLNRNATV
Smc2,LGSIFSTL
Spire1,SAIRSYQYV
Srebf2,HSFVYSVGF
Ssh1,PNAGFMSQL
Ssh1_OX,PNAGFM*SQL
Stc2,SWGGLCSNL
Stxbp4,IHPVMSTL
Stxbp4_OX,IHPVM*STL
Syde1,SAVDFKLHI
T,HGYERYPAL
Tada3,SSASRRLLV
Taf5l,VQFMSCNL
Taf5l_OX,VQFM*SCNL
Tcp1,SSFVPVGL
Tdrd7,VLYLLDTSL
Tesk1,IGAGFFSDV
Tgfbrap1,FTPSHPPL
tGFP,SILQNGGPM
tGFP_2,MGYGFYHF
tGFP_OX,SILQNGGPM*
Tiam1,VAMCRLGIF
Tiam1_OX,VAM*CRLGIF
Tmem135,FALMNLKAL
